12307	Over The Rainbow	Gary Tanner	null	null
12645	Stay The Night	The Faragher Bros.	null	null
12696	I Need You	Euclid Beach Band	null	null
16221	Can t We Try	Dan Hill (Duet With Vonda Shepard)	null	null
16365	Can't We Try	Dan Hill (Duet With Vonda Shepard)	null	null
17157	Rock Wit cha	Bobby Brown	294398	7BVMXNnQSswMX8IJeZUb5T
17174	Talk To Myself	Christopher Williams	299280	null
17176	Me So Horny	The 2 Live Crew	431856	0iZe1e14Xrm3DN1sHW8kZO
17189	Don t Make Me Over	Sybil	281298	2QXeYzNsXgtI4YLeyr42aj
17223	The Arms Of Orion	Prince (With Sheena Easton)	351039	null
17255	I ll Be Good To You	Quincy Jones Featuring Ray Charles	277260	4cLXNwNqXWT1CTR5Gyr7ei
17256	No More Lies	Michel le	310953	1Oz5bcZyzhiaEa3F06EiPY
17273	Serious Kinda Girl	Christopher Max	299272	null
17277	I Don t Know	Michael Morales	310827	null
17286	I Will Survive (From "She-Devil")	SaFire	277419	null
17287	Foolish Heart	Sharon Bryant	278947	7JR5s8DtDZxhVHAqawvo20
17288	C Mon And Get My Love	D-Mob With Cathy Dennis	null	null
17289	Never 2 Much Of U	Dino	300959	null
17294	Right And Hype	Abstrac	277919	null
17302	All Nite	Entouch Featuring Keith Sweat	301780	6q989QMsV87X9Em9J6DONi
17318	If U Were Mine	The U-Krew	419331	null
17329	You re The Only Woman	The Brat Pack	297083	null
17338	I ll Be There	Joyce "Fenderella" Irby	305303	null
17341	Got To Get	Leila K With Rob  N  Raz	null	3Atr2OBXJVIpQ96zxuActC
17378	You Can t Get Away	Shana	278885	null
17385	How  Bout Us (From "True Love")	Grayson Hugh	303099	null
17394	Always And Forever	Whistle	431306	4c8YJShoSaDCIOMgp36BM6
17406	Nicety	Michel le	310953	1vw9MuorZMUxhsQBGsgyo1
17412	U Can t Touch This	M.C. Hammer	276852	1B75hgRqe7A4fwee3g3Wmu
17415	Notice Me	Nikki	1529865	null
17417	That s The Way Of The World	D-Mob With Cathy Dennis	null	null
17420	This	Michael Penn	310852	1M1tkdT27qDK1J7zs97aOG
17423	Sittin  In The Lap Of Luxury	Louie Louie	308284	null
17429	B	Young And Restless	431661	7AiGl9XO87W4FyqLKiZerB
17441	She Ain t Worth It	Glenn Medeiros Featuring Bobby Brown	302931	null
17452	Tomorrow (A Better You, Better Me)	Quincy Jones With Tevin Campbell	null	4jYuAdVCOMkEQJWV2qvlj6
17460	Could This Be Love	Seduction	278574	3vlhjgeKW3u1Fjzf6JiJvo
17463	Let Me Be Your Lover	The U-Krew	419331	null
17468	Don t You Love Me	49-ers	431955	null
17469	Follow My Heartbeat	A me Lorain	275211	null
17495	Stranger To Love	St. Paul	280258	1WVHjwcIIulU9Zg1XncdO7
17496	How Bad Do You Want It?	Don Henley	301124	6KIbBxMKqXxZeK8wOtRFiX
17500	All Lips N  Hips	Electric Boys	301588	null
17508	All The Way	Calloway	275850	null
17509	Summer Vacation	The Party	1540606	null
17511	Slow Love	Doc Box	null	null
17513	Can t Stop	After 7	278131	1TYt5etb427hvOod3EKJA5
17514	Tell Me Something	Indecent Obsession	303774	null
17526	That s Not Her Style	Billy Joel	284376	null
17529	I Won t Give Up On You	TKA	277501	null
17532	Only Women Bleed	Favorite Angel	302042	null
17534	All I m Missing Is You	Glenn Medeiros Featuring Ray Parker, Jr.	302931	7yahyqRgGzbpfh3UIHw8xc
17536	I Wanna Get Back With You	Louie Louie	308284	null
17545	Empty Beach	Tricia Leigh Fisher	430431	null
17552	Dream Boy/Dream Girl	Cynthia	299879	null
17553	Undeniable	Ms. Adventures	311913	null
17570	I Don t Love You Anymore	The London Quireboys	null	null
17583	Tom s Diner	DNA Featuring Suzanne Vega	1488428	7rQtCINCHFjFgLscYheSMq
17592	B.B.D. (I Thought It Was Me)?	Bell Biv Devoe	281150	26yEd8XVwJpHDERXo6rZ8X
17602	Biscuit s In The House	Biscuit	286470	null
17616	I Found Love	The Party	1540606	null
17626	I m Not In Love	Will To Power	431380	6PGy9r1qgWeEEICDf2QIQP
17629	Does She Love That Man?	Breathe Featuring David Glasper	297101	7Cbz21BW7tzfNtUmaUnEfj
17634	Rockin  Over The Beat	Technotronic	371857	5xuktWMVGM0OcOOO39zILo
17644	No Matter What	George LaMond (Duet With Brenda K. Starr)	null	null
17656	Go For It! (Heart And Fire)	Joey B. Ellis	304866	null
17657	Love Me Just For Me	Special Generation	280120	6ODgFXCenDGKdWHdoRmfY5
17659	Use It Up And Wear It Out	Pat	null	null
17661	The Swalk	Notorious	312443	null
17678	I ll Do 4 U	Father M.C.	null	6rh98sbJbaieyye26EIfF1
17679	Something In My Heart	Michel le	310953	2lNgZq1zKbpZC48nHFt7TM
17686	Jealousy	The Adventures Of Stevie V	278094	null
17692	I ll Be By Your Side	Stevie B	280706	2vLqcLdmxc5CPQSYplqU2s
17705	What s It Gonna Be	Jellybean Featuring Niki Haris	304418	null
17712	Temple Of Love	Harriet	303312	null
17716	Let s Chill	Guy	303267	11fItVX4Ahfyd8F7C53dOQ
17717	Call It Poison	The Escape Club	404111	3lxGEScEFa9EndItaMZW2O
17725	Here We Go	C+C Music Factory/F. Williams	null	null
17727	That s Why	The Party	1540606	null
17728	Made Up My Mind	SaFire	277419	14evcB9pIStazKsge52O8o
17737	Oooh This I Need	Elisa Fiorillo	301630	null
17738	Baby s Coming Back	Jellyfish	304419	null
17752	Another Like My Lover	Jasmine Guy	304231	null
17760	Love Me Forever Or Love Me Not	Trilogy	430450	null
17776	Nightgown	Candyman	298627	7FzA0ZzGbOPx5WRKPCRR67
17777	Backyard	Pebbles (With Salt-N-Pepa)	null	null
17798	Can I Call You My Girl	PC Quest	277131	null
17803	I m Dreamin  (From "New Jack City")	Christopher Williams	299280	null
17804	Over And Over	Timmy T.	null	null
17808	Lily Was Here	David A. Stewart Introducing Candy Dulfer	null	null
17811	Exclusivity	Damian Dame	300118	null
17813	You Can t Play With My Yo-Yo	Yo-Yo Featuring Ice Cube	null	3b1Et5PqXgH9eraJqwAsnN
17828	My Body Says Yes	Titiyo	430022	null
17829	Forever Amo r	D zyre	275931	null
17831	What A Price To Pay	Michael Damian	310744	null
17837	Your Love	Keith Sweat	305658	0EtISCRxWQKvVTtpmtJnNd
17838	Love Gets Rough	Troy Newman	430499	null
17848	(Everything I Do) I Do It For You (From "Robin Hood")	Bryan Adams	null	6eBK3edMW7bEzecF1eCezc
17861	Shake It (Like A White Girl)	Jesse Jaymes	304530	null
17876	There She Goes	The La s	418484	null
17878	Wanna Dance	Yasmin	431594	1jVPWuOofbfhHGoVGFeY7x
17882	I Don t Wanna See You	Michael Morales	310827	null
17884	The Truth	Tami Show	277497	null
17887	Turn It Up	Oaktown s 3.5.7	null	null
17889	Get Serious	Cut  N  Move	299862	1CpZpiCm5T2pCUMUnR7utO
17897	If I Say	Kingofthehill	305932	null
17901	Till Somebody Loves You	Henry Lee Summer	303446	null
17903	Gett Off	Prince And The N.P.G.	351039	null
17905	I m Not Your Puppet	Hi-C	303490	51HnXIFI3P3t9xpW1UjD8h
17923	The Devil Came Up To Michigan	K.M.C. KRU	276639	null
17924	Everyotherday	Or-N-More (Featuring Father M.C.)	null	null
17928	Save Me	Lisa Fischer	307480	5bhHxCq03CHjc5KT6qwj4K
17929	Why Can t You Come Home	Ex-Girlfriend	301984	null
17933	Ain t No Future In Yo  Fronting	M.C. Breed	null	null
17938	If You re Serious	Riff	365063	null
17942	Don t Cry	Guns N  Roses	303248	7yi70YT2UBu5FpNLUUpkc6
17945	All About You	Pretty In Pink	349998	null
17947	Cream	Prince And The N.P.G.	351039	null
17948	That s What Love Is For	Amy Grant	278956	367dmPOxuMP8FsrZHenNnq
17964	Ring My Bell	D.J. Jazzy Jeff	null	5l7XmwM537PxROfhKfpBjc
17970	Can t Truss It	Public Enemy	354718	3HhKJ5cDTvZmpzpdKrhuyK
17979	Housecall	Shabba Ranks/Maxi Priest	null	4WCEoUNKzWz3nJYwy8Rua2
17993	I Wanna Be Your Girl	Icy Blu	276487	null
17999	2 Legit 2 Quit	M.C. Hammer	276852	null
18010	In My Dreams	The Party	1540606	null
18011	Love Me All Up	Stacy Earl	280277	null
18016	I Can t Make You Love Me	Bonnie Raitt	296425	69uJi5QsBtqlYkGURTBli8
18033	Ain't No Future In Yo' Fronting	M.C. Breed & D.F.C.	null	null
18040	Within My Heart	Voyce	431100	1yJXPIBKWICGZOP62KKOTe
18049	Diamonds And Pearls	Prince And The N.P.G.	351039	null
18052	All Through The Night	Tone-Loc	430176	null
18055	Insatiable	Prince And The N.P.G.	351039	null
18056	Right Down To It	Damian Dame	300118	null
18060	Hearts Don t Think (They Feel)	Natural Selection	312057	null
18073	I ll Take You There	BeBe	280813	2XbUjG48KR62scMGiOQ6CL
18074	Hold On (Tighter To Love)	Clubland	299463	25tq1GAZcbFEfJLex2mZSb
18077	A Deeper Love/Pride (In The Name Of Love)	Clivilles	299447	6RS2ZHPnZZ8SFCHsgOHDQC
18078	There s No Other Way	Blur	292472	null
18082	Blinded By Love	Rhythm Syndicate	364946	null
18083	Oochie Coochie	M.C. Brains	null	5Y9QaKzkqYs9IogfsnAxd7
18085	Butt Naked	Charm	299014	null
18098	I Can t Dance	Genesis	1496517	5kzJHK44CF0p6jBBVNSZlp
18101	You Are The One	Chris Cuevas	299184	null
18110	I Need Money	Marky Mark	309618	null
18113	How I Could Just Kill A Man/The Phuncky Feel One	Cypress Hill	299883	null
18118	Romeo	Stacy Earl (Featuring The Wild Pair)	null	null
18132	Peace Of Mind (Love Goes On)	One 2 One	313582	null
18143	Human Touch/Better Days	Bruce Springsteen	298448	null
18147	IOU	Arthur Baker Featuring Nikeeta	279993	null
18148	Doo Doo Brown	2 Hyped Brothers	null	null
18149	It s Not A Love Thing	Geoffrey Williams	1519284	null
18154	Money Don t Matter 2 Night	Prince And The N.P.G.	351039	null
18155	3-2-1 Pump	Redhead Kingpin	null	null
18164	Come	Jodeci	304778	5xE7sFTlv2yrG9mmhDSpdq
18173	Why Me Baby?	Keith Sweat	305658	1VuMn6mB0xEzgWq48EmMZM
18197	Take My Advice	Kym Sims	306237	5KhAzdjCDy6MZai1P0RJAe
18200	Never Satisfied	Good 2 Go	303006	null
18205	Losing You	Mocca Soul	311610	null
18207	This Is The Way We Roll	M.C. Hammer	276852	25EqYmVGCXMxY6kJhnu9Af
18209	Set Me Free	Clubland Featuring Zemya Hamilton	299463	0k6QUwAYwWgD3owqzNT10I
18212	Victim Of The Ghetto	The College Boyz	299535	28hD4dKpGxU2EsU0KM32NZ
18213	I ll Be There	Mariah Carey	309388	1Q9FyWHhYmyed0wbNBIKHM
18231	Whatever It Takes (To Make You Stay)	Troop	430486	null
18236	Please Don t Go	K.W.S.	276643	null
18237	Slowly	Stacy Earl	280277	null
18248	Brainstorming	M.C. Brains	null	null
18253	The Way I Feel	Tag	277531	5d1dglMOQpQQoYjuq4DHoB
18254	So What cha Want	Beastie Boys	280828	null
18267	Sexy MF	Prince And The N.P.G.	351039	null
18277	The Hitman	AB Logic	275302	1KwVr66tFOfuMypJZtMwqA
18294	Get With U	Lidell Townsell	307164	null
18297	Would I Lie To You?	Charles	null	21MLFi0ISlqDBp7DQHPi7p
18302	1-4-All-4-1	East Coast Family	null	null
18307	Sad New Day	Me Phi Me	310302	null
18320	I Wanna Make Love To You (From "Innocent Blood")	Rhythm Syndicate	364946	null
18323	It s My Cadillac (Got That Bass)	MC Nas-D	276857	null
18334	The Message	Sofia Shinas	279708	null
18338	Sesame s Treet	Smart E s	279616	null
18339	Could ve Been Me	Billy Ray Cyrus	285041	null
18340	I m Overjoyed	Nona Gaye	312408	null
18374	Really Into You	Around The Way	279945	null
18378	It s Alright (From "South Central")	Classic Example	299384	null
18381	I Got A Thang 4 Ya!	Lo-Key?	null	4OXAYBy41owXhbOoi932y0
18383	Here We Go Again!	Portrait	1531277	5rIr1MOh4cWwpdln1QqTPS
18388	Ain t Nobody Like You	Miki Howard	311247	4ceQKHtNjYa3f3zwEDYY7q
18391	It s Gonna Be A Lovely Day	The S.O.U.L. S.Y.S.T.E.M.	277377	5A5Ej8R3QY9xb98dmVowmL
18393	7	Prince And The New Power Generation	351039	01IlpPIwATpQXfeS49JDSF
18418	Understand This Groove	Sound Factory	279987	null
18419	Pick It Up	Home Team	303576	13l61zi5OkNeHv57K1KtNi
18421	Love s Taken Over	Chante Moore	298935	null
18442	Love Is (From "Beverly Hills, 90210")	Vanessa Williams/Brian McKnight	null	4AaWOZzoXevjYkbq7AEQWS
18449	Speed	Alpha Team	278713	null
18453	I m So Into You	SWV	277393	1DkGOPjC2OXN7xcT31fjXN
18469	Knock-N-Boots	Wreckx-N-Effect	431533	0UxEiVVQuhje4Tnmw6Yijl
18484	Shoop Shoop (Never Stop Givin  You Love)	Michael Cooper	310741	null
18486	Give It To You	Martha Wash	309720	null
18487	What You Won t Do For Love	Go West	302962	2MXPfRHBOvllOdo5H0sVVY
18496	Love Me The Right Way	Rapination	361864	null
18497	Love Don t Love You	En Vogue	301747	7rcrDWcZYfo8swPHFbqEmR
18505	How I m Comin	LL Cool J	276751	6eeETlsa4gwbfFnO4Minlg
18506	The Morning Papers	Prince And The New Power Generation	351039	null
18522	You re The Love Of My Life/The Love I Lost	Sybil	281298	null
18525	Let s Go Through The Motions (From "Who s The Man?")	Jodeci	304778	null
18529	Sweet On U	Lo-Key?	null	null
18531	It s My Life	Dr. Alban	301263	6HdM7gzXVgcpepv276raog
18547	Give Him A Love He Can Feel	Tene Williams	374452	null
18551	Cry No More	II D Extreme	276447	null
18554	Can t Help Falling In Love (From "Sliver")	UB40	277578	7aR1QwbQa26sjDXiVMLik4
18563	Gold Diggin  Girls	MC Nas-D	276857	null
18564	Who s The Man? (From "Who s The Man")	House Of Pain	303640	null
18571	Something s Goin  On	U.N.V.	277570	null
18572	Baby I m Yours	Shai	278844	5jnf5Lv2TJX9uYHsFKfrEh
18578	A Bad Goodbye	Clint Black With Wynonna	null	6pNfSp9y3M5WZGvIFFXVYQ
18580	Girl U For Me/Lose Control	Silk	279311	0EcFzZUKTQysjIxMvAtemq
18587	I m Free	Jon Secada	305146	2UfAxAPFNHkpArkEhBbyd4
18588	Do Da What	1 Of The Girls	null	null
18590	Should ve Been A Cowboy	Toby Keith	430048	1Zocw1rD4cBv1rRRsFI0Pj
18591	It s On	Naughty By Nature	312066	null
18597	What s Up Doc? (Can We Rock)	Fu-Schnickens W/ Shaquille O Neal	null	null
18598	Teddy Bear	G-Wiz	276227	56FniIennySKdCMQarPAIU
18599	U Don t Hear Me Tho	Rodney O	367241	null
18604	I Like It	Jomanda	305121	52RANyomHjZMyuEZzNTHDO
18606	Very Special	Big Daddy Kane Feat. Spinderella, L. Williams	281637	null
18608	Step It Up	Stereo MC s	280538	68QlEZu3EtI5Bojo1mmwxE
18615	When I Fall In Love (From "Sleepless In Seattle")	Celine Dion And Clive Griffin	null	null
18618	It s For You (From "The Meteor Man")	Shanice	278912	null
18622	Happy	Legacy Of Sound Featuring Meja	306881	4qLDlzs3K81Jprd1D2Ib3W
18640	In My Nature	Nuttin  Nyce	312485	1pffZVnM5873zd8AzT6crr
18649	Gotta Get Mine	M.C. Breed	null	3tAhpfyJ8HK1r8uCV7x3Uw
18650	Better Than You	Lisa Keith	307492	null
18684	What s It To You	Clay Walker	299416	346GCw2msr77HA5I5NFsKS
18698	Foreplay	RAab	null	null
18705	I m A Player	Too Short	430262	null
18716	Yolanda	Reality	364737	null
18745	I'm Real	Kris Kross	306091	05ubQfyYkjNn0yycGKLTDx
18746	Commitment Of The Heart	Clive Griffin	null	null
18747	All For Love	Bryan Adams/Rod Stewart/Sting	null	5h92ib6UGUe0BkUvNz8AtP
18755	Give It Up	The Goodmen	303010	5BAC64GPGTndMkLmIurM9v
18761	I'm Looking For The One (To Be With Me)	Jazzy Jeff & The Fresh Prince	7127435	7351lA69VXW1TLs0OgP0Ad
18768	Yours	Shai	278844	5jnf5Lv2TJX9uYHsFKfrEh
18770	Betcha'll Never Find	Chantay Savage	298932	null
18780	What s My Name?	Snoop Doggy Dogg	null	5XhkV07Vou38wnrzwURUOC
18783	I ll Be Loving You	Collage	1487585	null
18786	Mary Jane s Last Dance	Tom Petty And The Heartbreakers	430103	5eYwDBLucWfWI5KsV7oYX2
18787	I m In The Mood	CeCe Peniston	298830	45iX8CSw3DW9rLYQek5rF4
18794	Betcha ll Never Find	Chantay Savage	298932	null
18796	Funk Dat/Why Is It?	Sagat	277423	4mEB76RSZIM78IuLmyF7e7
18809	One On One	To Be Continued...	null	null
18813	Without You/Never Forget You	Mariah Carey	309388	null
18816	Zunga Zeng	K7	276647	null
18825	It s All Good	M.C. Hammer	276852	4y2vzy436lUS1yWWQjUf9E
18828	Krazy	Blackgirl	289330	null
18833	Hey D.J. (From "Mi Vida Loca")	Lighter Shade Of Brown	307192	4lojlvrqNJnqcrwNXTZapz
18834	Family Affair (From "Addams Family Values")	Shabba Ranks	278794	null
18837	I m Outstanding	Shaquille O Neal	278931	4oZ2airueiueZ7LEzU3AeI
18841	You Don t Love Me (No, No, No)	Dawn Penn	300533	49VMLaQHGaWGey2cRiddgV
18849	Heaven Help/Spinning Around Over You	Lenny Kravitz	306952	null
18850	Since I Don t Have You	Guns N  Roses	303248	null
18863	Comin  On Strong	Sudden Change	null	null
18867	I Want You	Juliet Roberts	305392	5d51RK4Se9DmCfdzdUF062
18875	Don t Go Breaking My Heart	Elton John	301679	null
18881	Neon Moonlight	Rosco Martinez	368914	null
18882	I ll Take You There (From "Threesome")	General Public	302686	null
18883	Papa z Song	2Pac Duet With Mopreme	431886	null
18889	Part Time Lover/I m Still In Love With You	H-Town/Al B. Sure!	null	null
18892	The Right Time (From "Four Weddings And A Funeral")	I To I	276435	null
18901	Regular Thang	Ovis	322721	null
18902	Back	Aaliyah	275352	45wneA2j0Z0WMnYNDO6Ad0
18918	Leavin	Tony Toni Tone	null	null
18923	(Meet) The Flintstones (From "The Flintstones")	The B.C. 52 s	null	null
18930	Any Time, Any Place/And On And On	Janet Jackson	304191	null
18934	100% Pure Love	Crystal Waters	299825	5pkMrPKCZ7gMYacSzFBZCl
18950	Your Love Is So Divine	Miranda	311433	null
18952	I m Not Over You	CeCe Peniston	298830	57zZpWRO9kVuuMZOcIKrw0
18953	What s Up	DJ Miko	299963	7sAO0s976ue4kpI4TpzcxF
18955	Girls	Blur	292472	5CeL9C3bsoe4yzYS1Qz8cw
18957	It s Over Now	Cause	null	null
18959	Old To The New	Nice	418718	1eyHkqk22jB7DVr7kGXFs8
18964	90 s Girl	Blackgirl	289330	null
18986	Take It Easy	Mad Lion	308723	7B2K7BhyPTa1pyqEaI4aCC
18996	No Guns, No Murder	Rayvon	364709	54zbUGqw8JRk020wLRWlHl
18997	I m The Only One	Melissa Etheridge	310444	4veE1jrMbVSy9FRCiYDGkD
18999	I ll Make Love To You	Boyz II Men	297041	627KV5gq7CbBa3RaivClx6
19014	Juicy/Unbelievable	The Notorious B.I.G.	418733	5ByAIlEEnxYdvpnezg7HTX
19016	Your Love Is A...	Whitehead Bros.	419425	1tsjWORjVtgakgIDfzOTXB
19020	Body	Anita Baker	279362	7n4Cj5mMrvnamItq9kEvQU
19028	I Saw It Cummin	PMD	277138	null
19033	Sukiyaki	4PM	null	null
19035	What s The Frequency, Kenneth?	R.E.M.	277275	null
19037	I ll Take Her	Ill Al Skratch Featuring Brian McKnight	276512	6kHwbzrIm9fZUHQg0WsxOK
19040	Hip Hop Ride	Da Youngsta s	300067	2MYP61a4O2CcM9tEYwM0gf
19047	I Belong To You/How Many Ways	Toni Braxton	430180	null
19049	U Will Know (From "Jason s Lyric")	B.M.U. (Black Men United)	null	null
19051	Through The Rain	Tanya Blount	281557	7lVEDSLP9MIhViYNV0oVtb
19053	Hold My Hand	Hootie	null	1RcCGzWy1qQEDkQqO4sFJQ
19059	You Don t Know Nothin	For Real	302291	null
19063	You Want This/70 s Love Groove	Janet Jackson	304191	null
19068	Before I Let You Go	BLACKstreet	289417	455CCMp9OHkIg0St60cxmd
19087	Tremor Christ/Spin The Black Circle	Pearl Jam	328459	null
19090	Back Up Off Me!	Doctor Dre	301061	null
19095	Shame (From "A Low Down Dirty Shame")	Zhane	431789	null
19098	Biological Didn t Bother	Shaquille O Neal	278931	1XkAMb9xkBEQCwJaccjlpb
19121	Whutcha Want?	Nine	312323	7vl0JjpJNnAHCREOnBKOkW
19128	You Want This/70's Love Groove	Janet Jackson	304191	null
19134	U Will Know (From "Jason's Lyric")	B.M.U. (Black Men United)	null	null
19148	Big Poppa/Warning	The Notorious B.I.G.	418733	2g8HN35AnVGIk7B8yMucww
19153	Whiney, Whiney (From "Dumb And Dumber")	Willi One Blood	431382	581sRkelbIjx55tcgOqCr2
19160	Woman To Woman	Jewell	304594	6Car98x9l5IlelAooQXoJj
19171	Dream About You/Funky Melody	Stevie B	280706	2fPKE94A80uHDX6wpxkpLC
19173	Where I Wanna Be Boy	Missjones	311469	null
19175	Like The Way I Do/If I Wanted To	Melissa Etheridge	310444	null
19188	1-Luv	E-40 (Featuring Leviti)	null	2yJCZ4b5v5vT0iqAs9LuS5
19198	Dear Mama/Old School	2Pac	431886	6iXcPsToMyTheci6e1L2ya
19201	People Don't Believe	Scarface Feat. Ice Cube	278349	null
19205	Let's Get It On	Shabba Ranks	278794	2KznT5GjThKWgDGM7yppb4
19228	Can't You See (From "New Jersey Drive")	Total Feat. The Notorious B.I.G.	430293	1ZcYV3MguzpTM3m9hCyzUx
19238	Freedom (From "Panther")	Various Artists	277740	1uVBmMpC4Bu0ZL4gGq6Ub2
19243	Love The One You're With/Going In Circles	Luther Vandross	308632	null
19256	Freak Me Baby	Dis `N' Dat Feat. 95 South,69 Boyz & K-Nock	null	null
19263	Just Roll	Fabu	276139	null
19264	Boombastic/In The Summertime	Shaggy	278838	1FxEAfchJSITaNBdoQgPfc
19270	Any Man Of Mine/Whose Bed Have Your Boots Been Under?	Shania Twain	null	null
19271	Froggy Style	Nuttin' Nyce	312485	4OhfEUz7d5si8CFLHx9WIR
19272	I Wanna Love Like That	Tony Thompson	1541505	4r6jPijW3d5iV0eBFVccsa
19286	Scream/Childhood (From "Free Willy 2")	Michael Jackson & Janet Jackson	null	null
19294	One More Chance/Stay With Me	The Notorious B.I.G.	418733	7fXhkARAtS66kxexMIAx8O
19298	Sprinkle Me	E-40 (Featuring Suga T)	null	5C0LRpVmi4h5pIwAnujiw0
19315	Died In Your Arms	Intonation Featuring Joee	303865	1D1v6fJUE5kxg66AvPnIFa
19316	Glaciers Of Ice/Criminology	Chef Raekwon	null	null
19328	Listen Me Tic (Woyoi)	Ini Kamoze	303818	null
19358	How High (From "The Show")	Redman/Method Man	null	6RHnxzplfGkXpDP8LLxz9Y
19379	Do You Sleep?	Lisa Loeb & Nine Stories	307505	4wPgOKj2V4877QjrGgA8bs
19386	I'll Be There For You/This House Is Not A Home	The Rembrandts	418969	null
19387	A Mover La Colita	Artie The 1 Man Party	280015	0rYMfeaBguDVJkte22d86m
19389	West Up!	WC & The Maad Circle	277771	2ERUSevby81FgegkaE8rmI
19395	Girlstown	Super Cat	280994	5kO0QdeWWoc1c0pH10OBPC
19399	Incarcerated Scarfaces/Ice Cream	Raekwon	277333	null
19406	Before You Walk Out Of My Life/Like This And Like That	Monica	311759	null
19419	(If You're Not In It For Love) I'm Outta Here!/The Woman In Me	Shania Twain	null	6Lst3nF4McKOTLSLuTvLhw
19421	(You Make Me Feel Like) A Natural Woman (From "New York Undercover")	Mary J. Blige	309851	6RfFIHjpdcEdWWAVmCKtIe
19423	Where Ever You Are	Terry Ellis	375974	2AyRyaIASwwqE7RNVCedss
19441	Throw Your Hands Up	L.V.	276735	null
19444	Rock Steady	Bonnie Raitt With Bryan Adams	null	6QTzhcDkKupkvztUgGZooF
19466	Beware Of My Crew (From "A Thin Line Between Love And Hate")	L.B.C. Crew Feat. Tray D & South Sentrell	null	null
19467	I Got Id/Long Road	Pearl Jam	328459	null
19481	Celebration/Take Your Chance	Fun Factory	302549	null
19485	All Cried Out	Denine With Collage's Adam Marano	null	1twZmSQs1ZsWBR0aikJSqI
19486	Energy	Devone	300846	6D5ruo3ATaIVjAXw9QBs3X
19491	Everybody Be Somebody	Ruffneck Featuring Yavahn	369270	2o7iBEEtJ0Kl8gSYehrImW
19494	Leflaur Leflah Eshkushka	Heltah Skeltah And O.G.C. As The Fab 5	null	null
19495	Daughter/Yellow Ledbetter	Pearl Jam	328459	null
19496	Follow You Down/Til I Hear It From You	Gin Blossoms	302841	2vaF3iStySjdbbIJBe04P7
19506	Microphone Master	Das EFX (Featuring Mobb Deep)	306091	null
19516	Ain't No Playa	Rappin' 4-Tay	362010	3Mu5nGJNRiDWdFgHV3OuIo
19524	Do You Want To/Can't Hang	Xscape Featuring MC Lyte	431553	null
19527	Woo-Hah!! Got You All In Check/Everything Remains Raw	Busta Rhymes	298558	null
19533	Envy/Firewater	Fat Joe	302021	null
19535	Stairway To Heaven	Pure Soul	356287	null
19546	Esa Nena Linda	Artie The 1 Man Party	280015	3LuAODiG2gS7Y6fQVvI600
19550	Soul Food	Goodie Mob.	null	null
19554	Ain't No Nigga/Dead Presidents	Jay-Z Featuring Foxxy Brown	304305	null
19556	'Round We Go	Big Sister	281683	null
19560	Ain't Nobody/Kissing You	Faith Evans	276159	null
19570	Feel The Music	Planet Soul Featuring Brenda Dee	340640	null
19571	Scarred (From "Eddie")	Luke	1496787	3ALjwZwzby8DcbQNVNpjBe
19588	Theme From Mission: Impossible (From "Mission: Impossible")	Adam Clayton & Larry Mullen	7085513	null
19606	You're Makin' Me High/Let It Flow	Toni Braxton	430180	null
19608	Why I Love You So Much/Ain't Nobody	Monica	311759	null
19612	How Do U Want It/California Love	2Pac Featuring KC And JoJo	431886	null
19619	You Said	Mona Lisa	311686	null
19628	Redneck Games	Jeff Foxworthy With Alan Jackson	null	4CH3TFP12EMPVwOkWUqMAl
19659	Po Pimp	Do Or Die (Featuring Twista)	null	null
19665	Things We Do For Love	Horace Brown	303600	2fzKLDa3YlAJ1Qkkxm5ZqH
19671	Wu-Wear: The Garment Renaissance (From "High School High")	RZA Feat. Method Man & Cappadonna	null	null
19677	Gettin' It	Too Short Feat. Parliament Funkadelic	430262	null
19679	With You	Somethin' For The People	279773	2teBuhBKQaT63Bn6J4dpuu
19717	No Diggity	BLACKstreet (Featuring Dr. Dre)	289417	4nzlfXP1sZDumb0m5EOE3s
19721	I Luv U Baby	The Original	418766	2nkVhQO0ulFsGsGa1khw2y
19723	Get Ready, Here It Comes (It's The Choo-Choo)	Southsyde B.O.I.Z.	null	null
19725	This Is For The Lover In You	Babyface Feat. LL Cool J, Howard Hewett, Jody Watley & Jef	275619	1blZP5x1XQSqQFpTy12rFh
19732	Just The Way (Playas Play)	Alfonzo Hunter	278542	null
19753	When You're Gone/Free To Decide	The Cranberries	396639	7kNRgWI7auu3tlJQgMevlB
19765	I Like It	The Blackout Allstars	385428	36m3hYCp3azszZGE7mtEy8
19781	That's How It Is (It's Like That)	Redman Featuring K-Solo	null	null
19787	You re Makin  Me High/Let It Flow	Toni Braxton	430180	null
19788	When You re Gone/Free To Decide	The Cranberries	396639	7kNRgWI7auu3tlJQgMevlB
19792	It s Your Body	Johnny Gill Featuring Roger Troutman	305066	4etbbQPgIJhzv3eb7yHfPM
19794	Ain t Nobody (From "Beavis And Butt-Head Do America")	LL Cool J	276751	null
19798	What s Love Got To Do With It (From "Supercop")	Warren G Featuring Adina Howard	277837	7DjHbZFUdDtuklH6nfXoaL
19805	You Don t Have To Love Me	Monifah	311762	null
19807	That s How It Is (It s Like That)	Redman Featuring K-Solo	null	null
19811	It s All About U	SWV	277393	3Lrc2QUw1JbF7aoww1WTVq
19816	On	Erykah Badu	301014	5dd8tOJwLqEvasVqvvrJzV
19819	Stand Up	Love Tribe	308354	null
19823	Things ll Never Change/Rapper s Ball	E-40 Featuring Bo-Rock	276018	null
19826	Runnin	2Pac, Notorious B.I.G., Radio, Dramacydal	431886	null
19827	My Baby Mama	QT	null	null
19833	Passion	K5	276646	03L32Cqbq5lKcTg6CCdV64
19836	I ll Be	Foxy Brown Featuring Jay-Z	1496750	6Ag4SYLUGFdnJrCwUIb4mT
19837	It s In Your Eyes	Phil Collins	332348	61grQ9cR7A0M42fXe7mjKB
19838	Take Your Time	Tre	6601133	null
19839	The Theme (It s Party Time)	Tracey Lee	430328	null
19844	Hard To Say I m Sorry	Az Yet Featuring Peter Cetera	280389	2OWzR8QoH7KaLtiN65v32x
19858	Things'll Never Change/Rapper's Ball	E-40 Featuring Bo-Rock	276018	null
19869	Do G's Get To Go To Heaven?	Richie Rich	365011	3poe663PviYQ1w9VybzNGj
19875	Runnin'	2Pac, Notorious B.I.G., Radio, Dramacydal & Stretch	431886	null
19890	Weekend Thang	Alfonzo Hunter	278542	69tB9bR5h5Y6KhsAmV9cLQ
19901	I Don't Want To/I Love Me Some Him	Toni Braxton	430180	null
19904	Bill	Peggy Scott-Adams	328476	0dVQeXMrjnNUqQOTQscgKe
19917	Just The Way You Like It	Tasha Holiday	281621	null
19918	Don't Keep Wasting My Time	Teddy Pendergrass	305450	null
19923	Stop The Gunfight	Trapp Featuring 2pac, Notorious B.I.G.	430376	null
19932	ESPN Presents The Jock Jam	Various Artists	277740	null
19933	Call Me (From "Booty Call")	Too Short & Lil' Kim	null	null
19935	It's Your Love	Tim McGraw With Faith Hill	null	0C2Uaka1VGbfAiuiTXpplO
19944	If U Stay Ready	Suga Free	280928	6FQBvoFUXXQwAayVk2DCWd
19948	No One But You (From "Baps")	Veronica (Featuring Craig Mack)	null	null
19958	Butterfly Kisses	Raybon Bros.	null	null
19960	Da' Dip	MC Luscious Featuring Kinsui	276853	null
19968	Get Your Groove On (From "Baps")	Gyrl	303287	4cUjLo7xQ0chvIzkmmEgyw
19972	It s Your Love	Tim McGraw With Faith Hill	null	null
19976	I Don t Want To/I Love Me Some Him	Toni Braxton	430180	null
19978	Smokin  Me Out	Warren G Featuring Ronald Isley	277837	6e9eFZMPvMfrtraCV6uCis
19980	That s Right	DJ Taz Featuring Raheem The Dream	300019	1Inq5p7LPUNq1W40hvTD7h
19985	Da  Dip	MC Luscious Featuring Kinsui	276853	null
19986	Can t Let Go	Laurnea	306679	3ZKC7wy557vXWE2EEa4hi5
19997	What s Stopping You	The O Jays	418744	1gDOy8j5gPr8kpQwtXZGSm
19998	Summertime Summertime	Corina	1487643	null
20002	Not Tonight	Lil  Kim Feat. Da Brat, Left Eye, Missy Elliott	307304	null
20012	Up Jumps Da Boogie	Magoo And Timbaland	null	null
20014	Mo Money Mo Problems	The Notorious B.I.G. (Feat. Puff Daddy	null	null
20015	Someone	SWV (Featuring Puff Daddy)	null	7fCLfDo3os5Q7UDPQV5fMZ
20021	[Freak] And U Know It	Adina Howard	278055	null
20022	Fix	BLACKstreet With Special Guests Ol'Â Dirty Bastard	289417	null
20023	Can t Get You Out Of My Mind	Lil Suzy	307261	6qKtaIUS6fNfkpNpHylBvz
20040	Relax & Party	Ivory	null	3dIpnxu4N6WOhIxxt2JFOs
20045	Have A Little Mercy	4	431947	null
20058	Piece Of My Heart	Shaggy (Featuring Marsha)	null	null
20074	Men Of Steel (From "Steel")	Shaquille O'Neal, Ice Cube, B Real, Peter Gunz & KRS-One	null	null
20084	Love Is Alive	3rd Party	431935	null
20091	Candle In The Wind 1997/Something About The Way You Look Tonight	Elton John	301679	1j0Nyzf2MFBcZcC8GPmynK
20101	Sock It 2 Me	Missy "Misdemeanor" Elliott Featuring Da Brat	null	null
20108	Pushin' Inside You (From "How Bout It")	Sons Of Funk	279860	4GLFF4jMBQ9uG6NJJUaTnu
20122	All Of My Days	Changing Faces (Featuring Jay-Z)	null	null
20138	Been Around The World	Puff Daddy & The Family (Feat. The Notorious B.I.G. & Mase)	null	1siDRjAa8MdxNoCHTiiQ7B
20153	Just Clownin'	WC From Westside Connection	null	null
20155	Tuck Me In	Kimberly Scott	305898	6GaafBUOjkIsVBZYlpMrcX
20160	Up & Down	Billy Lawrence	284423	null
20177	Young, Sad And Blue	Lysette	null	null
20187	Tubthumping	Chucklebutt	299315	3S9BNY9vvtVLhN3Va1q70B
20189	Jealousy	Kim Sanders	305884	null
20191	Much Better	Club 69 Featuring Suzanne Palmer	299456	null
20193	Love You Down	INOJ/LATHUN	null	null
20196	Am I Dreaming	Ol Skool [Featuring Keith Sweat & Xscape]	null	null
20226	Let's Ride	Montell Jordan Feat. Master P & Silkk The Shocker	311778	null
20231	It's All About Me	Mya & Sisqo	311986	null
20249	Still Po' Pimpin'	Do Or Die Featuring Johnny P & Twista	301047	4MP7Ql7f0sbqzrnOFkkWwR
20250	Gotta Be...Movin' On Up	PRINCE BE & KY-MANI	351039	null
20259	Love You Down	INOJ/LATHUN	6890694	null
20260	Been Around The World	Puff Daddy & The Family (Feat. The Notorious B.I.G. & Mase)	355143	1siDRjAa8MdxNoCHTiiQ7B
20263	Just Clownin'	WC From Westside Connection	431289	null
20264	Gotta Be...Movin' On Up	PRINCE BE & KY-MANI	351244	null
20268	Let s Ride	Montell Jordan Feat. Master P	311778	null
20278	It s All About Me	Mya	311986	null
20280	Money, Power	The Lox [Featuring DMX	null	2cXWKSIbNwqxz1TEKdOupS
20287	It s Up To You	The Tuesdays	419323	2GiDrPB8WOj32sZeEmY249
20288	I Know Where It s At	All Saints	278649	1OblPPX1mXJkoCbsr9kZnj
20289	Still Po  Pimpin	Do Or Die Featuring Johnny P	301047	4MP7Ql7f0sbqzrnOFkkWwR
20292	It s Your Love	She Moves	279018	null
20296	Gotta Be...Movin  On Up	PRINCE BE	351244	null
20297	Moan	Mark Morrison	309555	6hxK603i8PoKCsGwnvLOeD
20298	Come Over To My Place	Davina	300520	null
20300	Just Clownin	WC From Westside Connection	null	null
20310	Ding-A-Ling	Hi-Town DJs	303493	null
20313	Sweet Honesty	M:G	276844	null
20318	That s Why I m Here	Kenny Chesney	305717	3W3ZHm27GvXUzUD7R5vmB8
20330	Ninety Nine [Flash The Message]	John Forte	304940	1shRBEykFXAQFgnAF02nZ7
20331	Hooked On A Feeling (Ooga-Chaka)	Baby Talk	275611	null
20333	One Heart At A Time	Various Artists	277740	null
20334	Whatcha Gone Do?	Link	307436	null
20342	Whatuon	LaTanya Featuring Twista	306565	null
20351	Ghetto Supastar (That Is What You Are)	Pras Michel Feat. Ol  Dirty Bastard	348482	31bf9SEOppLU6lQ85d8om6
20360	Money Ain t A Thang	JD Featuring Jay-Z	276582	null
20362	How Do I Say I m Sorry	Tami Davis	281471	null
20366	Love The Way	EOL	null	null
20373	Horse	Cam Ron Featuring Mase	null	5pi1mlfcIiGmgzQOjkvfV4
20382	What I Didn t Know	Athenaeum	280153	null
20386	Love For Free	Rell (Featuring Jay-Z)	null	null
20393	Cheated (To All The Girls)	Wyclef Jean Featuring Queen Pen	431541	3i6qzaGcX9LcQdduLEqXg7
20394	It s Alright	Memphis Bleek (	310499	null
20395	Movin  On	Mya Featuring Silkk The Shocker	311986	null
20397	Delicious	Pure Sugar	356358	null
20415	How Do I Say I'm Sorry	Tami Davis	281471	null
20423	I Wasn t With It	Jesse Powell	304537	44QuZzg32iEcKSNlijFyP8
20430	I Should Cheat On You	J Son	276527	null
20443	'98 Thug Paradise	Tragedy, Capone, Infinite	null	null
20447	Invasion Of The Flat Booty B*****s	Too Short	430262	null
20464	How s It Goin  Down	DMX Featuring Faith Evans	300046	343xt5q01Q73Yw6uL0jGVD
20468	98 Thug Paradise	Tragedy, Capone, Infinite	null	null
20470	I Ain t Havin  That	Heltah Skeltah Featuring Starang Wondah Of O.G.C.	303432	null
20482	Pushin  Weight	Ice Cube Featuring Mr. Short Khop	276477	4tzStSrQFCWoNU82ozFBhs
20487	The Street Mix	Mag 7	null	null
20490	Money s Just A Touch Away	Mack 10 Featuring Gerald Levert	276912	7aSxhMIWO0oeGbAqb9vve1
20493	If I Can t Have You	L.F.O. (Lyte Funky Ones) (Featuring Kayo)	null	null
20507	If I Can't Have You	L.F.O. (Lyte Funky Ones) (Featuring Kayo)	null	null
20510	It s The Things You Do	Five	302182	4lWCP7IA9dQJGbOdKbVx61
20512	Strawberry	Nicole Renee	312282	47CWjx4mP2qZEGVRkpactB
20520	I m Your Angel	R. Kelly	277270	null
20533	I ll Never Break Your Heart	Backstreet Boys	275645	4lq4yY0y3XqDQZsx03ITaH
20539	We Really Shouldn t Be Doing This	George Strait	302752	null
20547	Tearin  Up My Heart	N Sync	null	6JvTQWuYRmUkcFtIijDnxS
20567	Lean On Me	Kirk Franklin Feat. Mary J. Blige, Bono, R. Kelly, Crystal Lewis	305956	null
20586	What It s Like	Everlast	301962	1WgfNvPhqJQHfu2ewqnkl3
20592	Heartbreak Hotel	Whitney Houston Feat. Faith Evans	431329	null
20623	I Can t Get Over You	Brooks	null	1dRKK30xdrr7oQD8GxCavL
20628	What s So Different	Ginuwine	302859	7jgZiwNyTH08evb3bDLfIy
20640	It Ain't My Fault 1	Silkk The Shocker Featuring Mystikal	279318	null
20648	What s It Gonna Be?!	Busta Rhymes Featuring Janet	298558	null
20649	Girlfriend/Boyfriend	BLACKstreet With Janet	289417	null
20675	What d You Come Here For?	Trina	null	null
20680	Why Don t You Get A Job?	The Offspring	418755	5JzF2iymNwCyFz9MTmojd0
20686	Slam Dunk	Five	302182	78gaMry05VFEXyJmSbP0mM
20700	Jigga What...	Jay-Z Featuring Big Jaz	null	4pnFRnCOfaETea25g0YSvG
20710	She s A Bitch	Missy "Misdemeanor" Elliott	311506	null
20748	Let Me Know	Cam Ron	275868	null
20749	You ll Be In My Heart	Phil Collins	332348	5evKCk0uEArS1LTIQ2Wov9
20766	What s My Age Again?	Blink-182	298592	5JZcX7TTLx4l0xFIXJ3DBt
20776	All N My Grill	Missy "Misdemeanor" Elliott Featuring Big Boi	311506	null
20780	It s Your Thing	Mercedes Featuring Master P	310551	29cNo1Fw5Ar4XOHqxrD3pl
20788	It s All About You (Not About Me)	Tracie Spencer	430332	22vuK9Gpwap7C2hH2GmYIi
20808	Lost In You	Garth Brooks as Chris Gaines	null	null
20810	We Can t Be Friends	Deborah Cox With R.L.	null	5DgfKcbzW0cyEAur0e9N68
20812	She s In Love	Mark Wills	309594	null
20827	U Know What s Up	Donell Jones	301161	5PMKzsUsTpZZGsCcJBuhP2
20833	B-Please	Snoop Dogg Featuring Xzibit	null	null
20840	Missing You	Brooks	null	null
20846	He Didn t Have To Be	Brad Paisley	297053	1LONTBZZRxDVx4wEvdcCLd
20863	That s The Way It Is	Celine Dion	298857	63bc4JoI436mExBDiMSbos
20869	Don t Say You Love Me	M2M	276842	65i1UPsUtPlEVzewEZR6sY
20874	Hot Boyz	Missy "Misdemeanor" Elliott Featuring NAS, EVE	null	4SQ1GNv9dQuqNbyl1fdr6O
20890	He Can t Love U	Jagged Edge	304031	3VEZvzr84WVnoorZ4tlBSw
20894	Left	D Angelo Featuring Method Man And Redman	null	null
20903	We Can't Be Friends	Deborah Cox With R.L.	null	5DgfKcbzW0cyEAur0e9N68
20922	G d Up	Snoop Dogg Presents Tha Eastsidaz	null	1zIXpzuCC7FM4kECt2eEzu
20930	What s My Name	DMX	300046	null
20936	Untitled (How Does It Feel)	D Angelo	275903	3mz1kmUWrrbJsoAx6rFRc7
20947	I Don t Wanna	Aaliyah	275352	null
20972	That s What I m Looking For	Da Brat	300055	3hVNySmPHrzsrpwxL3j6vT
20983	Buy Me A Rose	Kenny Rogers With Alison Krauss	null	540DSB2Y733gOIk6N8lcWs
20985	She s More	Andy Griggs	279189	null
20991	Ryde Or Die, Chick	The Lox Featuring Timbaland And EVE	null	null
20995	You Owe Me	NAS Featuring Ginuwine	276998	6nH0RTvlPPeZzpdSXTTUUd
21001	If You Don t Wanna Love Me	Tamar	null	null
21027	It s So Hard	Big Punisher Featuring Donell Jones	281677	5Fqk9TyFwQAg2fzNnfAEbO
21037	It s Gonna Be Me	N Sync	null	2AW37v0bDyuOzGP3XnmFuA
21047	I ll Be	Reba McEntire	364742	3cJNDQGaYptpN1FO0zCf8C
21064	You ll Always Be Loved By Me	Brooks	null	1migZXJuB0tB2pFucCtEm5
21107	I Will...But	SheDaisy	277384	null
21116	Callin  Me	Lil  Zane Featuring 112	307335	null
21119	Don t Think I m Not	Kandi	276697	487Dyzs7Xbbk4hIWYyYT80
21129	Let s Make Love	Faith Hill With Tim McGraw	null	null
21161	Can t Go For That	Tamia	281477	null
21171	What s Your Fantasy	Ludacris Featuring Shawna	308504	2PfrWOPGSxVyp3lnQaw79G
21193	Toca s Miracle	Fragma	302334	6EnIcPCcNdszEsG6f4pKnO
21194	It Wasn t Me	Shaggy Featuring Ricardo "RikRok" Ducent	278838	null
21205	Where I Wanna Be	Damizza Presents Shade Sheist Featuring Nate Dogg	null	3wQ8RcbLwNRH53FelAVCkX
21212	How Many Licks?	Lil  Kim Featuring Sisqo	307304	6kOxgUr5dnr2OHY9cB1LjR
21226	Don t Tell Me	Madonna	308786	5sC4GlhZ9zCb6gPxSIbX5j
21227	It s Over Now	112	431840	null
21259	Oh No	Mos Def & Pharoahe Monch Featuring Nate Dogg	311830	null
21337	Get Ur Freak On	Missy "Misdemeanor" Elliott	311506	6zsk6uF3MxfIeHPlubKBvR
21382	Superwoman Pt. II	Lil' Mo Featuring Fabolous	307315	3xYwc8Jjv47NbtnYGn8Bvt
21390	Let's Get It	Three The... G. Dep, P. Diddy & Black Rob	null	7oJx0X8oh4VYb7ywclvzJg
21395	Where The Party At	Jagged Edge With Nelly	null	5mNV8Mz59bzyuQ53gTw0c0
21421	What It Is	Violator Featuring Busta Rhymes	null	3xuobJ0EyP0Boajt7p8xWq
21427	One Minute Man	Missy "Misdemeanor" Elliott Featuring Ludacris	311506	null
21477	Living It Up	Ja Rule Featuring Case	276599	null
21500	Do U Wanna Roll (Dolittle Theme)	R.L., Snoop Dogg & Lil' Kim	null	null
21527	Fatty Girl	Ludacris, LL Cool J & Keith Murray	null	null
21532	From Her Mama (Mama Got A**)	Juvenile	1493176	null
21540	Son Of A Gun	Janet Featuring Missy Elliott, P. Diddy & Carly Simon	null	7iBjvDLhfBrXxsVEUjENOu
21547	Take Away	Missy "Misdemeanor" Elliott Featuring Ginuwine & Tweet	null	null
21551	Round & Round	Jonell & Method Man	null	20c7Bngwfg0osDXaWmbqes
21560	Welcome To Atlanta	Jermaine Dupri & Ludacris	null	19VTqucnxJuH6kilNdweTh
21565	Round And Round	Jonell & Method Man	null	20c7Bngwfg0osDXaWmbqes
21582	Jigga	Jay-Z	304305	4pnFRnCOfaETea25g0YSvG
21606	Roc The Mic	Beanie Sigel & Freeway	null	null
21620	Knoc	Knoc-Turn'Al With Dr. Dre & Missy "Misdemeanor" Elliott	null	0EK24txkGSt51YBfVzN7qB
21647	Down A** Chick	Ja Rule Featuring Charli "Chuck" Baltimore	276599	null
21653	Tell Me What's It Gonna Be	Brian McKnight Featuring Jermaine Dupri	297206	null
21693	Guess?	Scarface Featuring Jay-Z & Beanie Sigel	278349	43dtVVfeBWkiXKfFqBi4Qz
21695	I Need A Girl (Part Two)	P. Diddy & Ginuwine Featuring Loon, Mario Winans & Tammy Ruggieri	null	null
21750	Blue Jeans	Yasmeen Featuing Ghostface Killah	null	713DjChfL2RflBcl5cavQT
21772	Work It	Missy "Misdemeanor" Elliott	311506	4E5J1e3TFInbO6B35rCscQ
21841	Bump, Bump, Bump	B2K & P. Diddy	275500	5tKbrFMvQJlG1reK5aDmkc
21867	Gossip Folks	Missy "Misdemeanor" Elliott Featuring Ludacris	311506	null
21913	I Know What You Want	Busta Rhymes & Mariah Carey Featuring The Flipmode Squad	null	440JHgcmlgu65MbKBg20ba
21981	Roll Wit M.V.P.	Stagga Lee	280290	null
21986	P***ycat	Missy "Misdemeanor" Elliott	311506	null
22033	99.9% Sure (I've Never Been Here Before)	Brian McComas	297188	1ts771rk2OxkTTQE6Zk6cb
22075	Cop That Sh#!	Timbaland & Magoo Featuring Missy Elliott	429956	1n9gRlQoxpBxeZVV8nfRF2
22118	Roc Ya Body "Mic Check 1,2"	M.V.P. (Most Valuable Playas) Featuring Stagga Lee	276840	null
22133	Runnin (Dying To Live)	Tupac Featuring The Notorious B.I.G.	null	null
22151	I Can't Take You Anywhere	Scotty Emerick With Toby Keith	null	7xeOspXk9qgSvorRl4LX5p
22208	One Day At A Time	Tupac With Eminem Featuring The Outlawz	null	null
22218	When The Sun Goes Down	Kenny Chesney & Uncle Kracker	null	null
22241	F.U.R.B.	Frankee	302391	1ME5P9cCGlUDKGRn1sXP0H
22289	Time's Up!	Jadakiss Featuring Nate Dogg	304022	3iQHtjDo1jgcbjUPsh3Dkb
22326	Welcome Back	Mason Betha	null	2XQY54Im8VrO4sd2tAmiv4
22394	How Did You Know?	Mynt Featuring Kim Sozzi	311993	7MEEkBKqwMLhvcfhF5fYun
22409	Tilt Ya Head Back	Nelly & Christina Aguilera	null	null
22524	Goin Crazy	Natalie	277009	6HBMri6KIqh0vY1NaEGPPl
22552	Across The Universe	Various Artists	277740	3PFn1unLOqLcCm8sWYo04G
22578	Cry Baby/Piece Of My Heart	Melissa Etheridge & Joss Stone	null	null
22579	Bitches Ain't S**t	Ben Folds	281188	null
22604	Hello Tomorrow	Squeak E. Clean Featuring Karen O.	null	6YU50PnvwrjNjPE20GzTNk
22605	MVP	Mary J. Blige Featuring The Game & 50 Cent	null	3r5aERXF5u9R31yy4nWeLB
22613	When You Tell Me That You Love Me	American Idol Finalists Season 4	null	null
22623	Da MVP	Mary J. Blige Featuring The Game & 50 Cent	null	3r5aERXF5u9R31yy4nWeLB
22633	Feel Good Inc	Gorillaz/De La Soul	null	null
22686	Sgt. Pepper's Lonely Hearts Club Band	Paul McCartney With U2	null	2OvVlK6eRwGNRxX9CWYFkg
22702	Charlie Last Name: Wilson	Charlie Wilson	299001	null
22784	Hear 'Em Say	Kanye West Featuring Adam Levine	276709	null
22836	Georgia	Ludacris & Field Mob Featuring Jamie Foxx	null	null
22866	What I've Been Looking For	Lucas Gabreel & Ashley Tisdale	null	null
22869	Bop To The Top	Lucas Gabreel & Ashley Tisdale	null	null
22899	Wings Of A Butterfly	him	303494	null
22900	Always On Your Side	Sheryl Crow & Sting	null	3F3fJkWPzg4fx1ONrC9xDO
22926	Llame Pa' Verte	Wisin & Yandel	431485	5SgN4mSGVEZ8TZQ5YSsKKb
22995	I Love My B****	Busta Rhymes Featuring will.i.am & Kelis	298558	3oSvnVnypxfxRHVHawpwQu
22998	One	Mary J. Blige And U2	null	0Y8o2jU3ATJsIuatAhTG5Y
23018	Call On Me	Janet Duet With Nelly	null	null
23035	(When You Gonna) Give It Up To Me	Sean Paul Featuring Keyshia Cole	null	6k8uthjEbttfWXcGaNTQGD
23049	Building Bridges	Brooks & Dunn With Sheryl Crow & Vince Gill	null	1mLStmTgqH0nBzds3S4jkJ
23065	(When You Gonna) Give It Up To Me	Sean Paul Feat. Keyshia Cole	1490159	null
23140	The Pick Of Destiny	Tenacious D	374409	62ZQaNo7N6hf6U1myRbXcP
23173	When Your Heart Stops Beating	(+44)	432018	1VpTwecl7EbQiGyVsvwFQE
23193	You Don't Know	Eminem, 50 Cent, Lloyd Banks & Cashis	null	null
23270	I'm A Flirt	Bow Wow Or R. Kelly (Featuring T.I. & T-Pain)	null	null
23358	Do It Just Like A Rockstar	Freak Nasty Featuring Crazy Mike	null	null
23365	Same Girl	R. Kelly Duet With Usher	null	6OSmeoh8kXhCfz9WqvzDoJ
23433	You Can't Stop The Beat	Cast Of Hairspray	null	null
23457	You Are The Music In Me	Zac Efron And Vanessa Anne Hudgens	null	null
23459	Gotta Go My Own Way	Zac Efron And Vanessa Anne Hudgens	null	null
23462	Everyday	Zac Efron And Vanessa Anne Hudgens	null	19ywWxxWxe48o6wrSbGC6B
23465	Fabulous	Ashley Tisdale And Lucas Grabeel	280082	null
23501	Shoulda Let You Go	Keyshia Cole Introducing Amina	null	null
23523	I'm Like A Lawyer...(Me & You)	Fall Out Boy	276170	null
23551	Independent	Webbie, Lil' Phat & Lil' Boosie	null	65D95SmygxGCQGiI64eaZf
23590	No Air	Jordin Sparks Duet With Chris Brown	null	519tXYJVcrpEMqV2BMbh6E
23613	Sexy Can I	Ray J & Yung Berg	null	null
23628	The Prayer (Live)	Celine Dion & Josh Groban	null	null
23648	Who The F*** Is That?	Dolla Featuring T-Pain & Tay Dizm	null	6HBHc95Ry9rw8L4zrAI1JF
23684	Shout To The Lord	American Idol Top 8	null	null
23701	Love In This Club, Part II	Usher Featurnig Beyonce & Lil Wayne	null	null
23718	Move Shake Drop	DJ Laz Featuring Flo Rida & Casely	299948	3rZ4v2IOSbJj5SRq3eoSox
23792	Out Here Grindin	DJ Khaled Featuring Akon, Rick Ross, Young Jeezy, Lil' Boosie, Trick Daddy, Ace Hood & Pli	299939	null
23843	American Boy	Studio All-Stars	null	null
23846	What Them Girls Like	Ludacris Co-Starring Chris Brown & Sean Garrett	null	3CsosCIphxRveIXD0829le
23857	Now Or Never	High School Musical 3 Cast	303505	null
23909	Start A Band	Brad Paisley Duet With Keith Urban	null	0GneFCOVzvi6ok0oRC7Kfu
23916	I Don't Care	Apocalyptica Featuring Adam Gontier	279782	0t9Jd84JnsV8HRMaQzHUom
23976	Down The Road	Kenny Chesney With Mac McAnally	null	51z3II8ZUCj4KGaUk9DKUg
24033	Lost!	Coldplay With Jay-Z	null	4SwVcoBjjawbnexIiUDLc5
24078	sobeautiful	Musiq Soulchild	311959	3ekvPNnFzO7okhIkZ8jsGH
24199	Trust	Keyshia Cole Duet With Monica	null	null
24217	Come Home	OneRepublic With Sara Bareilles	null	0bJfgUyjfPJYqRgUxb12Eh
24254	I'm Alive	Kenny Chesney With Dave Matthews	null	3yrB7tHePKpCJgiiOiUhsH
24366	5 Star Chick	Yo Gotti	431628	3yikbrpdkxkVyDo6bdv9D3
24467	F**k Today	Lil Wayne Featuring Gudda	null	null
24471	We Are The World 25: For Haiti	Artists For Haiti	null	null
24546	Hello, I Love You	Glee Cast	null	0tcdQZ9FvxZ2Uk0S7QN7yK
24567	Home	Glee Cast Featuring Kristin Chenoweth	null	2HYYH9z8eQNBLqrD4t6uVi
24606	Falling Slowly	Lee DeWyze & Crystal Bowersox	null	null
24671	We'll Be A Dream	WE the Kings Featuring Demi Lovato	431174	2Ph5ON7knzPFDQgtHM47cP
24831	Lo Mejor De Mi Vida Eres Tu/The Best Thing About Me Is You	Ricky Martin Featuring Natalia Jimenez	365051	null
24834	Don't You Wanna Stay	Jason Aldean With Kelly Clarkson	null	2CAf7WlHg8SlMLHmt55pqs
24836	The Big Bang	RockMafia	null	null
24914	H*A*M	Kanye West & Jay-Z	null	null
25021	F**k Him He's A DJ	Ke$ha	305612	null
25038	Determinate	Bridgit Mendler, Adam Hicks, Naomi Scott & Hayley Kiyoko	297431	4qEoqyPbLYnLOii6mKlIjI
25045	Breakthrough	Bridgit Mendler, Adam Hicks, Naomi Scott & Hayley Kiyoko	297431	7eAWmk6IDva2iA0q2Wx9Lv
25068	Danza Kuduro	Don Omar & Lucenzo	null	1kAZhbcsXqfUjnVeqPywn2
25073	Dirty Dancer	Enrique Iglesias Wtih Usher Featuring Lil Wayne	null	null
25122	Remind Me	Brad Paisley Duet With Carrie Underwood	null	4ABua0yuWcpTotImEEJTaw
25134	Jolene	Vicci Martinez	430827	7dF3kimGzXQVk1ZKx9k4sm
25138	Take Over Control	AfroJack Featuring Eva Simons	278126	4PsccFihLkDU7bNv26H0CI
25155	I Won't Back Down	Blake Shelton & Dia Frampton	289793	null
25158	Afraid To Sleep	Vicci Martinez	430827	0aAiSQEVaSSHrwaLvdmL71
25247	Wet The Bed	Chris Brown Feat. Ludacris	1486846	null
25336	Hit Me With Your Best Shot / One Way Or Another	Glee Cast	null	6xO86b70NTyLm6C9nKA9IH
25338	HYFR (Hell Yeah F*****g Right)	Drake Featuring Lil Wayne	301284	null
25341	T.H.E. (The Hardest Ever)	will.i.am Featuring Mick Jagger & Jennifer Lopez	null	5sn8kTcYEFZ0QcnYKEi9Qc
25360	Survivor / I Will Survive	Glee Cast	null	77arwHFzLS7EPSmUIsN6h2
25369	Sleazy Remix 2.0 Get Sleazier	Ke$ha Featuring Lil Wayne, Wiz Khalifa, T.I. & Andre 3000	null	1zPDgF3K6QXcTopDB3SVg9
25384	T.H.E (The Hardest Ever)	will.i.am Featuring Mick Jagger & Jennifer Lopez	null	5sn8kTcYEFZ0QcnYKEi9Qc
25406	No Church In The Wild	Jay Z  Kanye West Featuring Frank Ocean	null	0aFObVR01JzPbBMjze4xPV
25487	Mercy	Kanye West, Big Sean, Pusha T, 2 Chainz	null	null
25499	Is Anybody Out There?	K'Naan Featuring Nelly Furtado	276619	7oMSBpXN7gLSYeMUkAZnQ0
25501	Cashin Out	Ca$hOut	275741	1POAx4NMLOBPVKZUSsBh92
25513	Tonight (Best You Ever Had)	John Legend Featuring Ludacris	304963	17zF2ISrDrQdaULA8cxReK
25534	The Prayer	Christina Aguilera & Chris Mann	null	4PBjokreMKhfe4yCIBu4mX
25577	Bag Of Money	Wale Featuring Rick Ross, Meek Mill, & T-Pain	277789	3fXYcpFvBCsfyZAtOWoPXz
25579	Windows Down	BTR	null	null
25597	New God Flow	Pusha T   Kanye West	null	1DbeslBYnckTqqTcc1Y2Tg
25635	Clique	Kanye West  Jay-Z  Big Sean	null	7eW9cHOAHmYqphs5tWXETw
25646	Clique	Kanye West, Jay-Z, Big Sean	276709	7eW9cHOAHmYqphs5tWXETw
25650	To The World	Kanye West, R. Kelly	null	3blnw5Z6v5yiGueFGgS6uB
25675	My Moment	DJ Drama, 2 Chainz, Meek Mill, Jeremih	303052	null
25697	F**kin Problems	A$AP Rocky Featuring Drake, 2 Chainz & Kendrick Lamar	275210	4c7mwtU8HGuLUVqRX5HU7F
25704	The Only Way I Know	Jason Aldean With Luke Bryan & Eric Church	304236	3zsoPM1JcTORBOUdFfzIEf
25709	Just A Fool	Christina Aguilera With Blake Shelton	null	6nS1vMV1zs8c0Lk6mud78D
25716	Stars	Amanda Brown	1482449	null
25722	Are You Happy Now?	Cassadee Pope	298789	null
25732	Somewhere Over The Rainbow	Nicholas David	null	null
25735	Let It Be	Terry McDermott	null	null
25748	Bellas Finals: Price Tag/Don't You (Forget About Me)...	The Barden Bellas	1490146	5DnDWdt25emVC9CLUi3Iku
25751	Bellas Finals: Price Tag / Don't You (Forget About Me)...	The Barden Bellas	1490146	5DnDWdt25emVC9CLUi3Iku
25754	Riff Off: Mickey / Like A Virgin / Hit Me With Your Best Shot...	The Barden Bellas, The Treblemakers & The BU Harmonics	1490146	null
25787	Highway Don't Care	Tim McGraw & Taylor Swift	429939	5o4YTpD56HtYx3X0QIoJft
25821	#thatPOWER	will.i.am Featuring Justin Bieber	431547	6LuHcIZmMG5LU2hiqxscNb
25854	How Many Drinks?	Miguel	311090	5ctk3VJoHoURSiwkCJn2bf
25861	Memories Back Then	Hustle Gang Featuring T.I., B.o.B, Kendrick Lamar & Kris Stephens	1561611	0A2lJqfi04TKDTJYoKBxa9
25867	#Beautiful	Mariah Carey Featuring Miguel	309388	3zt5ApnBLg9odHEDOd24IM
25887	Heads Carolina, Tails California	Danielle Bradbery	1565784	6UYC3YUfCZzoaEbtyNxTPp
25898	I Knew You Were Trouble	Michelle Chamuel	1567247	21K6jcmZPktm7MftqfLfLg
25901	Danny's Song	The Swon Brothers	1568925	5mnvqisoDJilY0uCEdT8rG
25903	Who I Am	Danielle Bradbery	1565784	2zjfR142j7WNeGRxfU678W
25906	Turn The Page	The Swon Brothers	1568925	0qBvoubmrmKDsknLBbOtUg
25907	Please Remember Me	Danielle Bradbery	1565784	1ALOflPunt1yWnnZQ7joui
25908	Sad	Amber Carrington	null	null
25920	Why	Michelle Chamuel	1567247	1S9EUrYtt3KgJP76nXmX9v
25922	One	Usher & Michelle Chamuel	430708	64Ret7Tf2M8pDE4aqbW2tX
25940	F*ckwithmeyouknowigotit	Jay Z Featuring Rick Ross	304305	null
25942	Part II (On The Run)	Jay Z Featuring Beyonce	304305	2gSh6B45bWv4gDOhawR8C2
25959	Tapout	Lil Wayne, Birdman, Future, Mack Maine, Nicki Minaj	307264	2kEDuZRwYUoQLIYKpQfKWa
25963	Cruisin' For A Bruisin'	Ross Lynch, Grace Phipps And Jason Evigan	369121	5e3UWcbvTaF5CJWu81MqlQ
25999	I Luv This Sh*t	August Alsina & Trinidad James	1562258	0lqcGN4cIFe1jyD9hxlBtI
26007	We Were Us	Keith Urban And Miranda Lambert	305660	5Net7uzpcqkJtOwR22onye
26027	23	Mike WiLL Made-It Featuring Miley Cyrus, Wiz Khalifa & Juicy J	5747924	4if4AqzRQgEtTF1xXddmoc
26042	My Hitta	YG X Jeezy X Rich Homie Quan	5862674	5G47DlluL671zo0k3OhoSm
26076	I Luv This Sh*t	August Alsina & Trinidad James	1562258	0lqcGN4cIFe1jyD9hxlBtI
26111	At Last	Will Champlin	5819919	1hXIdXjAI4nWz4qnJ28iO2
26131	Angel	Jacquie Lee	null	3xZMPZQYETEn4hjor3TR1A
26137	XO	Beyonce	281569	04cxAqa9ZgLwvEskosNVsB
26138	Let It Be	Tessanne Chin & Adam Levine	5852255	3gqnOpefgHHJ9QERNtIblj
26144	Do You Want To Build A Snowman?	Kristen Bell, Agatha Lee Monn & Katie Lopez	5855170	3jPJG8NxMF2Nq49WtAEqhw
26195	#SELFIE	The Chainsmokers	5794072	0zkiQH567SDLqfWNBaU3hv
26210	Who Do You Love?	YG Featuring Drake	5862674	3DvXCbvkyzyfRYiWOJKWEr
26217	Move That Doh	Future Featuring Pharrell, Pusha T & Casino	302577	5Sn6Sn0L2bD9ihdz5pbUed
26233	We Are One (Ole Ola) [The 2014 FIFA World Cup Official Song]	Pitbull Featuring Jennifer Lopez & Claudia Leitte	1490081	4pn0G7yHNfTgRYRWca8gYA
26234	Cut Her Off	KCamp Featuring 2 Chainz	6055630	6AwhEQqt6vhnJBc2jBYvWI
26248	Stay With Me	Josh Kaufman	6070415	5ymtzcwlS4rLXJ2PMlSNPr
26269	I Can't Make You Love Me	Josh Kaufman	6070415	69uJi5QsBtqlYkGURTBli8
26284	Somethin' Bad	Miranda Lambert Duet With Carrie Underwood	311432	3RfKoVKnHNJEEKNZdWTTMz
26377	Delirious (Boneless)	Steve Aoki, Chris Lake & Tujamo Featuring Kid Ink	280569	7sR0j3bGUnugz07ZDtqLU7
26380	***Flawless	Beyonce Featuring Nicki Minaj Or Chimamanda Ngozi Adichie	281569	7tefUew2RUuSAqHyegMoY1
26383	24 Hours	TeeFLii Featuring 2 Chainz	6103297	2XPxacir3WoMtJ2pbTd240
26430	Errrbody	Yo Gotti	431628	3ndumr5hw721OmT5opZ5Zl
26447	Made Me	Snootie Wild Featuring K Camp	6266854	0uwmgMXqoJ7wh102MTHTN7
26475	Do They Know It's Christmas? (2014)	Band Aid 30	6327882	4UHflIcEc1VkfJthJpSTNJ
26476	Bed Of Lies	Nicki Minaj Featruing Skylar Grey	312259	5Erjuic0CApoiDsFxiElKT
26492	Prayer In C	Lillywood & Robin Schulz	6739903	4MteadAdoJXNnuBIa0Q1ZK
26496	Royals	Taylor John Williams	null	2dLLR6qlu5UJ5gk0dKz0h3
26499	***Flawless	Beyonce Featuring Nicki Minaj Or Chimamanda Ngozi Adichie	281569	7tefUew2RUuSAqHyegMoY1
26509	When I Was Your Man	Chris Jamison	6333075	0nJW01T7XtvILxQgC5J7Wh
26512	My Baby's Got A Smile On Her Face	Craig Wayne Boyd	6322343	null
26517	Prayer In C	Lillywood & Robin Schulz	5901303	4MteadAdoJXNnuBIa0Q1ZK
26518	Soldier	Damien	6321666	0MhCb3iakymVqQIOeYPSUf
26519	Lost Stars	Matt McAndrew & Adam Levine	6334934	31UdITPwSCT5LcwbG29G3J
26525	Bad B*tch	French Montana Featuring Jeremih	302488	null
26553	FourFiveSeconds	Rihanna & Kanye West & Paul McCartney	365068	78TTtXnFQPzwqlbtbwqN0y
26565	Work It	Missy "Misdemeanor" Elliott	311508	4E5J1e3TFInbO6B35rCscQ
26566	Get Ur Freak On	Missy "Misdemeanor" Elliott	311508	6zsk6uF3MxfIeHPlubKBvR
26571	Out The Speakers	A-Trak + Milo & Otis Featuring Rich Kidz	275230	1tJhQBf4uIlzUfhOykykk7
26594	You're So Beautiful	Empire Cast Featuring Jussie Smollett & Yazz	6438154	1PfdoFMSel0SdK2V0SdQWZ
26603	Conqueror	Empire Cast Featuring Estelle & Jussie Smollett	6438154	0XdXCURenDTxvcIop4X4ul
26610	Monster	Meek Mill	310352	3pw3ZpTrnFJzpbek6o2q0R
26611	Where Are U Now	Skrillex & Diplo Featuring Justin Bieber	279545	66hayvUbTotekKU3H4ta1f
26617	Wild Child	Kenny Chesney With Grace Potter	305717	050iNgNKEUrJboOnH4Jhm6
26618	Diamond Rings And Old Barstools	Tim McGraw With Catherine Dunn	429939	7KRizEl4G3IShjI8KTQPLH
26628	B**** Better Have My Money	Rihanna	365068	5lnsCyEKWofnC00U4Ax0ti
26641	Commas	Future	302577	5jFkv67UEKGNu2HgcxABIJ
26642	Ride Out	Kid Ink, Tyga, Wale, YG & Rich Homie Quan	305824	null
26647	Lean On	Major Lazer X DJ Snake Featuring M0	308937	4KcVVhAaHxqtX2ANt4b3tc
26658	Nasty	Bandit Gang Marco Featuring Dro	6159106	6PNfomMFjL2FnwWXe0qN7I
26659	Make It Rain	Koryn Hawthorne	null	1DH1DGQzth0K6YouejlNLY
26662	I Don't Get Tired (#IDGT)	Kevin Gates Featuring August Alsina	5645437	6HMHgBHdLBQ0QYIaOp2gse
26663	Iris	Sawyer Fredericks	6489732	7hJgVpoFFU1gJDAbYPYF2l
26672	I Need Your Love	Shaggy Featuring Mohombi, Faydee, Costi	278838	74Xdx4ezYQQlg8wKswq25T
26678	This Summer's Gonna Hurt...	Maroon 5	309663	73h73Cm8SZRyyoyEsnd9SP
26683	A Thousand Years	Sawyer Fredericks	6489732	1xbtFabmTCcxN0gozYj2AZ
26685	Please	Sawyer Fredericks	6489732	2pTnrrRF6creKP8lVDpgqw
26687	Old Man	Sawyer Fredericks	6489732	2Yh8cnpddujSLPOVJKlSDt
26703	Ulay Oh	How I Became The Bomb	6591067	2bxBdzCkGpWw0oXWEKMXJV
26706	Hood Go Crazy	Tech N9Ne Featuring 2 Chainz & B.o.B	371716	0kIHfcHGFGm5xb0dSlKEdp
26715	B**** I'm Madonna	Madonna Featuring Nicki Minaj	308786	3Ik6ZVvOgr2Pu5cnI8Gsu0
26723	Yoga	Janelle Monae & Jidenna	304187	null
26825	Runnin' (Lose It All)	Naughty Boy Featuring Beyonce & Arrow Benjamin	312065	0H2BuFu2MuJfnF1yHKjBcp
26911	Sorry	Rick Ross Featuring Chris Brown	365033	2MXAf9ZXLinvHIbHJbCNSj
3288	Summertime	Chris Columbo Quintet	null	null
3981	I Want To Hold Your Hand	Boston Pops Orchestra  Arthur Fiedler	null	null
420	Try Me	James Brown And The Famous Flames	null	7ogNAMjdIUg0rNXw5sZoHV
8995	Imagine	John Lennon Plastic Ono Band	null	7pKfPomDEeI4TPT6EOYjn9
